{"cameraMode":{"drawMode":0,"name":"Shaded","section":"Shading Mode"},"sceneLighting":false,"audioPlay":false,"sceneViewState":{"m_AlwaysRefresh":false,"showFog":true,"showSkybox":false,"showFlares":true,"showImageEffects":true,"showParticleSystems":true,"showVisualEffectGraphs":true,"m_FxEnabled":true},"in2DMode":false,"pivot":{"x":7.450580596923828e-9,"y":0.10407384485006333,"z":-7.450580596923828e-9},"rotation":{"x":-0.0166280847042799,"y":0.9061110019683838,"z":-0.4213946461677551,"w":-0.03555484116077423},"size":0.12404066324234009,"orthographic":false}