{"cameraMode":{"drawMode":0,"name":"Shaded","section":"Shading Mode"},"sceneLighting":true,"audioPlay":false,"sceneViewState":{"m_AlwaysRefresh":false,"showFog":true,"showSkybox":false,"showFlares":true,"showImageEffects":true,"showParticleSystems":true,"showVisualEffectGraphs":true,"m_FxEnabled":true},"in2DMode":false,"pivot":{"x":-16.412324905395509,"y":-55.91195297241211,"z":-133.1010284423828},"rotation":{"x":-0.0030454264488071205,"y":-0.9814856648445129,"z":0.19111178815364839,"w":-0.015918267890810968},"size":84.81942749023438,"orthographic":false}