{"cameraMode":{"drawMode":0,"name":"Shaded","section":"Shading Mode"},"sceneLighting":false,"audioPlay":false,"sceneViewState":{"m_AlwaysRefresh":false,"showFog":true,"showSkybox":false,"showFlares":true,"showImageEffects":true,"showParticleSystems":true,"showVisualEffectGraphs":true,"m_FxEnabled":true},"in2DMode":false,"pivot":{"x":0.8547160625457764,"y":0.21950921416282655,"z":-1.1440802812576295},"rotation":{"x":-0.09066586196422577,"y":0.4821813106536865,"z":-0.050183236598968509,"w":-0.869962215423584},"size":0.6457709074020386,"orthographic":false}