{"cameraMode":{"drawMode":0,"name":"Shaded","section":"Shading Mode"},"sceneLighting":false,"audioPlay":false,"sceneViewState":{"m_AlwaysRefresh":false,"showFog":true,"showSkybox":false,"showFlares":true,"showImageEffects":true,"showParticleSystems":true,"showVisualEffectGraphs":true,"m_FxEnabled":true},"in2DMode":false,"pivot":{"x":-2.92692494392395,"y":0.7316826581954956,"z":-1.6793757677078248},"rotation":{"x":0.0083239134401083,"y":0.8901592493057251,"z":-0.45532265305519106,"w":0.016297146677970887},"size":0.05960214138031006,"orthographic":false}