{"cameraMode":{"drawMode":0,"name":"Shaded","section":"Shading Mode"},"sceneLighting":false,"audioPlay":false,"sceneViewState":{"m_AlwaysRefresh":false,"showFog":true,"showSkybox":false,"showFlares":true,"showImageEffects":true,"showParticleSystems":true,"showVisualEffectGraphs":true,"m_FxEnabled":true},"in2DMode":false,"pivot":{"x":-0.17603802680969239,"y":0.508397102355957,"z":0.0119171142578125},"rotation":{"x":0.25493669509887698,"y":0.6438796520233154,"z":-0.24749356508255006,"w":0.6785292029380798},"size":3.5660250186920168,"orthographic":false}