{"cameraMode":{"drawMode":0,"name":"Shaded","section":"Shading Mode"},"sceneLighting":false,"audioPlay":false,"sceneViewState":{"m_AlwaysRefresh":false,"showFog":false,"showSkybox":false,"showFlares":false,"showImageEffects":false,"showParticleSystems":false,"showVisualEffectGraphs":true,"m_FxEnabled":true},"in2DMode":false,"pivot":{"x":-0.0004380941390991211,"y":0.8642925024032593,"z":0.07685691118240357},"rotation":{"x":0.10928498953580857,"y":-0.17792783677577973,"z":0.019891448318958284,"w":0.9777634143829346},"size":1.4037976264953614,"orthographic":false}